Idzawodnika;Nazwisko;Imie;Miasto
PL-0200000;Rutkowski;Stanisław;Granowo
PL-0200001;Łukaszewska;Stanisław;Czempiń
PL-0200002;Zawrotniak;Stanisław;Koło
PL-0200003;Zieliński;Stanisław;Gniezno
PL-0200004;Gumienny;Stanisław;Poznań
PL-0200005;Kucz;Stanisław;Nowy Tomyśl
PL-0200006;Matuszak;Stanisław;Poznań
PL-0200007;Żołnierek;Stanisław;Chodzież
PL-0200008;Frąckowiak;Stanisław;Poznań
PL-0200009;Wiśniewska;Stanisław;Koszalin
PL-0200010;Pluciński;Stanisław;Murowana Goślin
PL-0200011;Matusiak;Stanisław;Poznań
PL-0200012;Mądrzak;Stanisław;Konin
PL-0200013;Cieślak;Stanisław;Żychlin
PL-0200014;Gensler;Stanisław;Poznań
PL-0200015;Szczepanek;Stanisław;Poznań
PL-0200016;Brzezicka;Stanisław;Poznań
PL-0200017;Janiak;Stanisław;Poznań
PL-0200018;Groński;Stanisław;Poznań
PL-0200019;Stuligrosz;Stanisław;Poznań
PL-0200020;Rzanna;Stanisław;Poznań
PL-0200021;Szydłowski;Stanisław;Swarzędz
PL-0200022;Tokarski;Stanisław;Poznań
PL-0200023;Kurczyńska;Stanisław;Augustów
PL-0200024;Krzyżkowiak;Stanisław;Poznań
PL-0200025;Rutkowska;Stanisław;Poznań
PL-0200026;Lewndowska;Stanisław;Poznań
PL-0200027;Sell;Stanisław;Poznań
PL-0200028;Ciesielska;Stanisław;Poznań
PL-0200029;Tuczyński;Stanisław;Poznań
PL-0200030;Tomaszewska;Stanisław;Poznań
PL-0200031;Piasecka;Stanisław;Poznań
PL-0200032;Stawiński;Stanisław;Poznań
PL-0200033;Skibicka;Stanisław;Głogów
PL-0200034;Dłubak;Stanisław;Biedrusko
PL-0200035;Sławek;Stanisław;Poznań
PL-0200036;Bukowski;Sonia;Oborniki Wlkp.
PL-0200037;Nowak;Sonia;Poznań
PL-0200038;Jezierna;Sobiesław;Szamotuły
PL-0200039;Janaszek;Sławosz;Poznań
PL-0200040;Janaszek;Sławosz;Stare Miasto
PL-0200041;Lamberti;Sławomira;Poznań
PL-0200042;Olszak;Sławomira;Poznań
PL-0200043;Gubała;Sławomira;Poznań
PL-0200044;Drzewiecki;Sławomira;Puszczykowo
PL-0200045;Szulc;Sławomira;Nowy Tomyśl
PL-0200046;Hoffman;Sławomir Tomasz;Poznań
PL-0200047;Banasiak;Sławomir Jan;Kruszwica
PL-0200048;Berezowska-Apolinarska;Sławomir Jacek;Poznań
PL-0200049;Deskur;Sławomir Artur;Poznań
PL-0200050;Fik;Sławomir Adam;Szamotuły
PL-0200051;Frączyk;Sławomir;Poznań
PL-0200052;Głowacki;Sławomir;Poznań
PL-0200053;Gmyrek;Sławomir;Lubin
PL-0200054;Gołembski;Sławomir;Koło
PL-0200055;Janicka;Sławomir;Kalisz
PL-0200056;Kabat;Sławomir;Wyszyny
PL-0200057;Kliś;Sławomir;Poznań
PL-0200058;Kulawik;Sławomir;Poznań
PL-0200059;Łozińska;Sławomir;Głogów
PL-0200060;Mrozek;Sławomir;Olsztyn
PL-0200061;Pałgan;Sławomir;Swarzędz
PL-0200062;Pudliszak;Sławomir;Poznań
PL-0200063;Purol;Sławomir;Swarzędz
PL-0200064;Rybarczyk;Sławomir;Poznań
PL-0200065;Rybski;Sławomir;Poznań
PL-0200066;Rzepka;Sławomir;Poznań
PL-0200067;Sibila;Sławomir;Poznań
PL-0200068;Sibila;Sławomir;Poznań
PL-0200069;Siminiak;Sławomir;Poznań
PL-0200070;Urbanowska;Sławomir;Leszno
PL-0200071;Wrona;Sławomir;Lublin
PL-0200072;Łukomski;Sławomir;Żnin
PL-0200073;Menclewicz;Sławomir;Mogilno
PL-0200074;Graczyk;Sławomir;Mogilno
PL-0200075;Kleeberg;Sławomir;Poznań
PL-0200076;Radziejowska;Sławomir;Poznań
PL-0200077;Sikorska;Sławomir;Poznań
PL-0200078;Masełkowska;Sławomir;Poznań
PL-0200079;Kwaśny;Sławomir;Września
PL-0200080;Dajerling;Sławomir;Poznań
PL-0200081;Parczyńska;Sławomir;Chodzież
PL-0200082;Pierzchalski;Sławomir;Poznań
PL-0200083;Perz;Sławomir;Poznań
PL-0200084;Michalski;Sławomir;Biedrusko
PL-0200085;Drynda;Sławomir;Poznań
PL-0200086;Czerwińska (Zawadzka);Sławomir;Poznań
PL-0200087;Wawrzyniak;Sławomir;Poznań
PL-0200088;Pach;Sławomir;Poznań
PL-0200089;Bentyl;Sławomir;Poznań
PL-0200090;Cierniewska;Sławomir;Poznań
PL-0200091;Biernacik;Sławomir;Poznań
PL-0200092;Nachowski;Sławomir;Poznań
PL-0200093;Świątek;Sławomir;Konin
PL-0200094;Król;Sławomir;Konin
PL-0200095;Andrzejewski;Sławomir;Konin
PL-0200096;Depińska;Sławomir;Kleczew
PL-0200097;Depińska;Sławomir;Kleczew
PL-0200098;Chorzewski;Sławomir;Konin
PL-0200099;Telesiński;Sławomir;Kramsk
PL-0200100;Dankowska;Sławomir;Konin
PL-0200101;Roemer;Sławomir;Poznań
PL-0200102;Jagiełka;Sławomir;Poznań
PL-0200103;Mikołajewski;Sławomir;Piła
PL-0200104;Grzelak;Sławomir;Piła
PL-0200105;Pyszka;Sławomir;Wysoka
PL-0200106;Folerzyński;Sławomir;Ujście
PL-0200107;Łuczak;Sławomir;Tuczno
PL-0200108;Hatowski;Sławomir;Piła
PL-0200109;Kowalski;Sławomir;Piła
PL-0200110;Olkiewicz;Sławomir;Piła
PL-0200111;Sławiński;Sławomir;Piła
PL-0200112;Kubiaczyk;Sławomir;Dziembowo
PL-0200113;Sarnowski;Sławomir;Piła
PL-0200114;Piechowiak;Sławomir;Piła
PL-0200115;Śnieżko;Sławomir;Piła
PL-0200116;Lewandowska;Sławomir;Piła
PL-0200117;Marciniak;Sławomir;Piła
PL-0200118;Szwerkolt;Sławomir;Piła
PL-0200119;Piechocka;Sławomir;Piła
PL-0200120;Pakuła;Sławomir;Ujście
PL-0200121;Korzeniowska;Sławomir;Okonek
PL-0200122;Graczew;Sławomir;Piła
PL-0200123;Domagalski;Sławomir;Piła
PL-0200124;Solka;Sławomir;Praszka
PL-0200125;Kosakowski;Sławomir;Czarny Dunajec
PL-0200126;Biernacka;Sławomir;Gdańsk-Oliwa
PL-0200127;Korzeniewski;Sławomir;Inowrocław
PL-0200128;Kotowska;Sławomir;Warszawa
PL-0200129;Teresiński;Sławomir;Zamość
PL-0200130;Hałajczak;Sławomir;Wrocław
PL-0200131;Marciniak;Sławomir;Biała Podlaska
PL-0200132;Starosta;Sławomir;Olsztyn
PL-0200133;Furmaga;Sławomir;Gdańsk-Oliwa
PL-0200134;Pałasz;Sławomir;Kraków
PL-0200136;Maciejewski;Sławomir;Katowice
PL-0200138;Szramkiewicz;Sławomir;Swarzędz
PL-0200139;Kosińska;Sławomir;Swarzędz
PL-0200140;Nowak;Sławomir;Swarzędz
PL-0200143;Siłakiewicz;Sławomir;Lublin
PL-0200144;Tymczyszyn;Sławomir;Lublin
PL-0200145;Średnicka;Sławomir;Lublin
PL-0200146;Ptak;Sławomir;Lublin
PL-0200148;Prusakiewicz;Sławomir;Lublin
PL-0200149;Radek;Sławomir;Poznań
PL-0200150;Firlej;Sławomir;Lublin
PL-0200151;Agacińska;Sławomir;Lublin
PL-0200152;Jasiewicz;Sławomir;Lublin
PL-0200154;Nowak;Sławomir;Lublin
PL-0200155;Szadna;Sławomir;Lublin
PL-0200156;Gąsiorowska;Sławomir;Lublin
PL-0200157;Startek;Sławomir;Lublin
PL-0200159;Pietrasiak;Sławomir;Lublin
PL-0200160;Krajewska;Sławomir;Lublin
PL-0200161;Szmyt;Sławomir;Lublin
PL-0200163;Błaszczak;Sławomir;Lublin
PL-0200164;Winkler;Sławomir;Lublin
PL-0200165;Knekotowska;Sławomir;Lublin
PL-0200166;Bieńkowska;Sławomir;Lublin
PL-0200167;Kordel;Sławomir;Poznań
PL-0200168;Hasse-Creślińska;Sławomir;Lublin
PL-0200170;Stelmaszyk;Sławomir;Lublin
PL-0200173;Kisiała;Sławomir;Lublin
PL-0200201;Brzezińska;Sławomir;Śrem
PL-0200202;Duszyńska;Sławomir;Konin
PL-0200203;Haremska;Sławomir;Zaniemyśl
PL-0200204;Jędraszczyk;Sławomir;Poznań
PL-0200205;Kaźmierczak;Sławomir;Poznań
PL-0200206;Krempiński;Sławomir;Słupca
PL-0200207;Kocur;Sławomir;Zbąszyń
PL-0200208;Napierała;Sławomir;Poznań
PL-0200209;Pełka;Sławomir;Poznań
PL-0200210;Witek;Sławomir;Dąbrówka Leśna
PL-0200211;Zaremba;Siarhej;Poznań
PL-0200212;Piasecka;Seweryn;Puszczykowo
PL-0200213;Bączyk;Seweryn;Luboń
PL-0200214;Podworny;Seweryn;Rokietnica
PL-0200215;Zaradniak;Sebiastian;Krotoszyn
PL-0200216;Wasyluk;Sebastian Piotr;Biała Podlaska
PL-0200217;Mikołajewska;Sebastian Jan;Ruda Komorska
PL-0200218;Koźma;Sebastian;Poznań
PL-0200219;Pencarska-Osmoła;Sebastian;Poznań
PL-0200220;Matkowska;Sebastian;Krzyż Wlkp.
PL-0200221;Nowakowski;Sebastian;Krzyż Wlkp.
PL-0200222;Sroka;Sebastian;Krzyż Wlkp.
PL-0200223;Rudol-Vega;Sebastian;Poznań
PL-0200224;Grzeszczak;Sebastian;Lublin
PL-0200225;Łohunko;Sebastian;Krzyż Wlkp.
PL-0200226;Łohunko;Sebastian;Krzyż Wlkp.
PL-0200227;Koczan;Sebastian;Szczecin
PL-0200228;Prusinowski;Sebastian;Poznań
PL-0200229;Sołecki;Sebastian;Poznań
PL-0200230;Polcyn;Sebastian;Osiek
PL-0200231;Szyłobryt;Sebastian;Piła
PL-0200232;Klejna;Sebastian;Piła
PL-0200233;Sobański;Sebastian;Piła
PL-0200234;Bogucki;Sebastian;Piła
PL-0200235;Tabała;Sebastian;Piła
PL-0200236;Delbowski;Sebastian;Piła
PL-0200237;Mądrzak-Chromińska;Sebastian;Trzcianka
PL-0200238;Przewoźniak;Sebastian;Kaczory
PL-0200239;Nieruszewski;Sebastian;Piła
PL-0200240;Knitter;Sebastian;Piła
PL-0200241;Paprocka;Sebastian;Śmiłowo
PL-0200242;Paszko;Sebastian;Leżenica
PL-0200243;Śnieżko;Sebastian;Piła
PL-0200244;Skrzypski;Sebastian;Piła
PL-0200245;Ziarek;Sebastian;Wyrzysk
PL-0200246;Rakicka;Sebastian;Kunice
PL-0200247;Kowalewska;Sebastian;Braniewo
PL-0200248;Pałys;Sebastian;Pszczółki
PL-0200249;Ratajczak;Sebastian;Poznań
PL-0200250;Jasiewicz;Sebastian;Krzyż Wlkp.
PL-0200251;Lewkowicz;Sebastian;Krzyż Wlkp.
PL-0200252;Gniatkiewicz-Lewkowicz;Sebastian;Krzyż Wlkp.
PL-0200253;Broka;Sebastian;Krzyż Wlkp.
PL-0200254;Brzozowska;Sebastian;Krzyż Wlkp.
PL-0200255;Vashehuk;Sebastian;Krzyź Wlkp.
PL-0200256;Mazurkiewicz;Sebastian;Krzyź Wlkp.
PL-0200257;Koczerba;Sebastian;Krzyź Wlkp.
PL-0200258;Łukaszewicz;Sebastian;Krzyź Wlkp.
PL-0200259;Rybarczyk;Sebastian;Krzyź Wlkp.
PL-0200260;Pelińska;Sebastian;Krzyź Wlkp.
PL-0200261;Piechowiak;Sebastian;Plewiska
PL-0200262;Opiela;Sebastian;Poznań
PL-0200263;Sobczak;Sebastian;Lublin
PL-0200264;Majchrzak;Sebastian;Lublin
PL-0200266;Jaśkowiak;Sebastian;Lublin
PL-0200267;Michalski;Sebastian;Lublin
PL-0200268;Wiśniewski;Sebastian;Lublin
PL-0200269;Walczak;Sebastian;Lublin
PL-0200270;Kornicki;Sebastian;Lublin
PL-0200271;Mulczyński;Sebastian;Lublin
PL-0200279;Matysiak;Sebastian;Lublin
PL-0200280;Śpikowski;Sebastian;Lublin
PL-0200284;Gnatowicz;Sebastian;Krzyż Wlkp.
PL-0200285;Grzymała;Sebastian;Kuźnica Żelicho
PL-0200286;Kujawa;Sebastian;Krzyż Wlkp.
PL-0200287;Rymińska;Sebastian;Wieleń
PL-0200288;Wydryszek;Sebastian;Krzyż Wlkp.
PL-0200289;Harak;Sebastian;Krzyż Wlkp.
PL-0200290;Kubiś;Sebastian;Wieleń
PL-0200291;Musiak;Sebastian;Krzyż Wlkp.
PL-0200292;Nowak;Sebastian;Krzyż Wlkp.
PL-0200293;Jadrzyn;Sebastian;Krzyż Wlkp.
PL-0200294;Matykiewicz;Sebastian;Leszno
PL-0200295;Koralewska;Sebastian;Poznań
PL-0200296;Kaczmarek;Sebastian;Poznań
PL-0200297;Kwieciński;Sebastian;Poznań
PL-0200298;Prętka;Sebastian;Poznań
PL-0200299;Neumann;Sebastian;Poznań
PL-0200300;Cieszko;Sebastian;Szczecinek
PL-0200301;Przybylak;Sebastian;Poznań
PL-0200302;Nowicki;Sebastian;Koziegłowy
PL-0200303;Paluszkiewicz;Sebastian;Piła
PL-0200304;Chrośniak;Sebastian;Poznań
PL-0200305;Gralec;Sebastian;Poznań
PL-0200306;Szymaszczyk;Sebastian;Bojanowo
PL-0200307;Schneck;Sebastian;Bojanowo
PL-0200308;Sierszuła;Sebastian;Bojanowo
PL-0200309;Kończak;Sebastian;Bojanowo
PL-0200310;Świtalska;Sebastian;Bojanowo
PL-0200311;Duszak;Sebastian;Bojanowo
PL-0200312;Kułaczkowski;Sebastian;Bojanowo
PL-0200313;Dzielska;Sebastian;Bojanowo
PL-0200314;Lipowczyk;Sebastian;Bojanowo
PL-0200315;Kowalczyk;Sebastian;Kościan
PL-0200316;Kowalewski;Sebastian;Bojanowo
PL-0200317;Szynkowski;Sebastian;Piła
PL-0200318;Konopacki;Sebastian;Lipka
PL-0200319;Szmaj;Sebastian;Ostrów Wlkp.
PL-0200320;Chałupniczak;Sebastian;Ostrów Wlkp.
PL-0200321;Baranowski;Sebastian;Ostrów Wlkp.
PL-0200322;Rudowicz;Sebastian;Nowe Skalmierzy
PL-0200323;Korczewski;Sebastian;Ostrów Wlkp.
PL-0200324;Herzog;Sebastian;Ostrów Wlkp.
PL-0200325;Stańczyk;Sebastian;Przygodzice
PL-0200326;Roszka;Sebastian;Ostrów Wlkp.
PL-0200327;Dolata;Sebastian;Ostrów Wlkp.
PL-0200328;Rożek;Sebastian;Ostrów Wlkp.
PL-0200329;Stachowiak;Sebastian;Ostrów Wlkp.
PL-0200330;Szperzyńska;Sebastian;Ostrów Wlkp.
PL-0200331;Wawrzyniak;Sebastian;Ostrów Wlkp.
PL-0200332;Peukert;Sebastian;Ostrów Wlkp.
PL-0200333;Urbaniak;Sebastian;Ostrów Wlkp.
PL-0200334;Janiak;Sebastian;Ostrów Wlkp.
PL-0200335;Białas;Sebastian;Kalisz
PL-0200336;Kupijaj;Sebastian;Ostrów Wlkp.
PL-0200337;Wieruchowska;Sebastian;Ostrów Wlkp.
PL-0200338;Handke;Sebastian;Ostrów Wlkp.
PL-0200339;Wieruchowski;Sebastian;Ostrów Wlkp.
PL-0200340;Lew;Sebastian;Ostrów Wlkp.
PL-0200341;Baron;Sebastian;Miasteczko Huby
PL-0200342;Pietrzak;Sebastian;Poznań
PL-0200343;Podlewska;Sebastian;Łagiewniki Kośc
PL-0200344;Kuc;Sebastian;Poznań
PL-0200345;Lisowiec;Sebastian;Odolanów
PL-0200346;Dropek;Sebastian;Swarzędz
PL-0200347;Musieł;Sebastian;Ostrów Wlkp.
PL-0200348;Pieniądz;Sebastian;Pustków 3
PL-0200349;Przybycin;Sebastian;Ostrów Wlkp.
PL-0200350;Rachwalski;Sebastian;Ostrów Wlkp.
PL-0200351;Szczupak;Sebastian;Brzesko-Jasień
PL-0200352;Wita;Sebastian;Kostrzyń Wlkp.
PL-0200353;Kaczmarek;Sebastian;Swarzędz
PL-0200354;Kubiś;Sebastian;Krzyż Wlkp.
PL-0200355;Tchórzko;Sebastian;Krzyż Wlkp.
PL-0200356;Janek;Sebastian;Zielona Góra
PL-0200357;Cylke;Sebastian;Białośliwie
PL-0200358;Szałata;Sebastian;Piła
PL-0200359;Duda;Sara;Złotów
PL-0200360;Więcko;Sara;Piła
PL-0200361;Dudek-Rzazewski;Sandra;Poznań
PL-0200362;Hibner;Sandra;Poznań
PL-0200363;Wysocka;Sandra;Nowa Sól
PL-0200364;Urbanek;Sandra;Śrem
PL-0200365;Szychta;Sandra;Rogoźno Wlkp.
PL-0200366;Sierżant;Sandra;Poznań
PL-0200367;Czartoszewska;Sandra;Poznań
PL-0200368;Kwiatek;Sandra;Kostrzyn Wlkp.
PL-0200369;Zakrzewska;Sabina Maria;Kiekrz
PL-0200370;Zapotoczna;Sabina Maria;Poznań
PL-0200371;Januszewicz;Sabina Maria;Swarzędz
PL-0200372;Pluta;Sabina Anna;Leszno
PL-0200373;Michalak;Sabina;Poznań
PL-0200374;Plackowska;Sabina;Poznań
PL-0200375;Wierzbicki;Sabina;Gorzów Wlkp.
PL-0200376;Tobiszowski;Sabina;Gorzów Wlkp.
PL-0200377;Iwanicka;Sabina;Gubin
PL-0200378;Herman;Sabina;Darżewo 1
PL-0200379;Bączyk;Sabina;Poznań
PL-0200380;Skzypinski;Sabina;Poznań
PL-0200381;Wawrzyniak;Sabina;Swarzędz
PL-0200382;Zawada;Sabina;Swarzędz
PL-0200383;Kapińska;Sabina;Poznań
PL-0200384;Giemza;Sabina;Poznań
PL-0200385;Aleksandrzak;Sabina;Ostrów Wlkp.
PL-0200386;Szkudlarek;Sabina;Ostrów Wlkp.
PL-0200387;Granowski;Sabina;Ostrów Wlkp.
PL-0200388;Matuszak;Sabina;Ostrów Wlkp.
PL-0200389;Cebulski;Sabina;Ostrów Wlkp.
PL-0200390;Jurkiewicz;Sabina;Ostrów Wlkp.
PL-0200391;Morisson;Sabina;Ostrów Wlkp.
PL-0200392;Kowalczyk;Sabina;Ostrów Wlkp. II
PL-0200393;Płonka;Sabina;Odolanów
PL-0200394;Odrobiński;Sabina;Ostrzeszów
PL-0200395;Koralewski;Sabina;Ostrów Wlkp.
PL-0200396;Niełacny;Ryszarda;Ostrów Wlkp.
PL-0200397;Felski;Ryszard Michał;Szamocin
PL-0200398;Jakubowski;Ryszard Lesław;Chodzież
PL-0200399;Michalski;Ryszard;Szamocin
PL-0200400;Świerczyński;Ryszard;Chodzież
PL-0200401;Krzyżanowski;Ryszard;Chodzież
PL-0200402;Okulski;Ryszard;Chodzież
PL-0200403;Okulska;Ryszard;Chodzież
PL-0200404;Olsza;Ryszard;Chodzież
PL-0200405;Wojtkowiak;Ryszard;Chodzież
PL-0200406;Maćkiewicz;Ryszard;Chodzież
PL-0200407;Dorna;Ryszard;Chodzież
PL-0200408;Ciepluch-Łach;Ryszard;Chodzież
PL-0200409;Reiter;Ryszard;Chodzież
PL-0200410;Garbarczyk;Ryszard;Chodzież
PL-0200411;Szumowska-Kalinowska;Ryszard;Chodzież
PL-0200412;Ordowska;Ryszard;Chodzież
PL-0200413;Idczak;Ryszard;Chodzież
PL-0200414;Idczak;Ryszard;Chodzież
PL-0200415;Dębski;Ryszard;Chodzież
PL-0200416;Dziamski;Ryszard;Chodzież
PL-0200417;Figlewski;Ryszard;Chodzież
PL-0200418;Karolak;Ryszard;Kalisz
PL-0200419;Małecki;Ryszard;Konin
PL-0200420;Staszak;Ryszard;Konin
PL-0200421;Fiołek;Ryszard;Poznań
PL-0200422;Rzepka;Ryszard;Poznań
PL-0200423;Biegańska;Ryszard;Poznań
PL-0200424;Pieczyński;Ryszard;Murowana Goślin
PL-0200425;Sobczak;Ryszard;Poznań
PL-0200426;Fludra;Ryszard;Poznań
PL-0200427;Kunstowicz;Ryszard;Czempiń
PL-0200428;Szulc;Ryszard;Poznań
PL-0200429;Wiese;Ryszard;Poznań
PL-0200430;Nawrocka;Ryszard;Ostrów Wlkp.
PL-0200431;Sołtysiak;Ryszard;Wolsztyn
PL-0200432;Leśnik;Ryszard;Września
PL-0200433;Drobińska;Ryszard;Poznań
PL-0200434;Ignaszczak;Ryszard;Strykowo
PL-0200435;Schwandt;Ryszard;Siedlec
PL-0200436;Borowiak;Ryszard;Poznań
PL-0200437;Chorbińska;Ryszard;Buk; Dobieżyn
PL-0200438;Dalecka;Ryszard;Poznań
PL-0200439;Butkiewicz;Ryszard;Świebodzin
PL-0200440;Wieczorek;Ryszard;Gliwice
PL-0200441;Prądzyński;Ryszard;Poznań
PL-0200442;Burzyński;Rudolf;Poznań
PL-0200443;Chojnacka;Róża Anna;Poznań
PL-0200444;Kleinert;Róża;Poznań
PL-0200445;Więcek;Róża;Września
PL-0200446;Klimowicz;Romualda;Szamotuły
PL-0200447;Kulczyńska;Romuald;Poznań
PL-0200448;Paprzycka;Romuald;Poznań
PL-0200449;Łypaczewska;Romuald;Krotoszyn
PL-0200450;Sikucińska;Romana;Bełchatów
PL-0200451;Ogonowska;Romana;Lubsko
PL-0200452;Fogiel;Romana;Lubsko
PL-0200453;Stefańska;Roman Paweł;Poznań
PL-0200454;Klita;Roman;Poznań
PL-0200455;Dutkiewicz;Roman;Poznań
PL-0200456;Walczak;Roman;Poznań
PL-0200457;Chraplak;Roman;Poznań
PL-0200458;Kaźmierska;Roman;Poznań
PL-0200459;Biechońska;Roman;Piotrków Tryb.
PL-0200460;Kowalska;Roman;Chodzież
PL-0200461;Wesół;Roman;Tuczno
PL-0200462;Adam;Roman;Buk
PL-0200463;Grzelczak;Roman;Poznań
PL-0200464;Śliwińska;Roman;Międzychód
PL-0200465;Balkowska;Roman;Poznań
PL-0200466;Oświeciński;Roman;Myślibórz
PL-0200467;Baik;Roman;Myślibórz
PL-0200468;Rosenfeld;Roman;Poznań
PL-0200469;Michalak;Roman;Swarzędz
PL-0200470;Chibani;Roman;Potęgowo
PL-0200471;Bill;Roman;Poznań
PL-0200472;Kurzawa;Roman;Promnice
PL-0200473;Gorońska;Roman;Luboń
PL-0200474;Piesiak;Roman;Bujny szlacheck
PL-0200475;Adamczak;Roman;Poznań
PL-0200476;Kaczmarek;Roman;Szamotuły
PL-0200477;Rudnicka;Roman;Poznań
PL-0200478;Zwierzyński;Roman;Poznań
PL-0200479;Hauptmann;Roman;Poznań
PL-0200480;Piotrowska;Roman;Czerwonak
PL-0200481;Olejniczak;Roman;Mielżyn
PL-0200482;Hutek;Roman;Murowana Goślin
PL-0200483;Mazur;Roman;Poznań
PL-0200484;Mazur;Roman;Poznań
PL-0200485;Świerczyńska;Roman;Poznań
PL-0200486;Gogolewska;Roman;Poznań
PL-0200487;Olszewska;Roman;Poznań
PL-0200488;Zielenkiewicz;Roman;Czerwonak
PL-0200489;Gruca;Roman;Poznań
PL-0200490;Korzep;Roman;Czerwonak
PL-0200491;Burek;Roland;Poznań
PL-0200492;Niedośpiał;Roksana;Czerwonak
PL-0200493;Piechocka;Roksana;Czerwonak
PL-0200494;Młodyszewska;Roksana;Czerwonak
PL-0200495;Weter;Robert Piotr;Poznań
PL-0200496;Serocka;Robert Paweł;Poznań
PL-0200497;Panfil;Robert Łukasz;Koziegłowy
PL-0200498;Sommerfield;Robert Jan;Koziegłowy
PL-0200499;Król;Robert Henryk;Wagrowiec
PL-0200500;Cybulski;Robert Bogusław;Poznań
PL-0200501;Napieralska;Robert Adrian;Międzychód
PL-0200502;Pijanowska;Robert;Poznań
PL-0200503;Pawlak;Robert;Szamotuły
PL-0200504;Pawlak;Robert;Szamotuły
PL-0200505;Handzewniak;Robert;Wolsztyn
PL-0200506;Urban;Robert;Ostrów Wlkp.
PL-0200507;Milewska;Robert;Ostrów Wlkp.
PL-0200508;Kubiak;Robert;Ostrów Wlkp.
PL-0200509;Trzeciak;Robert;Ostrzeszów
PL-0200510;Szymańska;Robert;Ostrzeszów
PL-0200511;Wardeński;Robert;Ostrów Wlkp.
PL-0200512;Kromska;Robert;Przygodzice
PL-0200513;Gruszka;Robert;Ostrów Wlkp.
PL-0200514;Wachowski;Robert;Ostrów Wlkp.
PL-0200515;Mikuła;Robert;Ostrów Wlkp.
PL-0200516;Hołoga-Hauptmann;Robert;Gniezno
PL-0200517;Pawłowska;Robert;Dąbrówka Wlkp.
PL-0200518;Mirecki;Robert;Kalisz
PL-0200519;Stepczyńska;Robert;Budzyń
PL-0200520;Starosta;Robert;Grodzisk Wlkp.
PL-0200521;Gajewska;Robert;Krotoszyn
PL-0200522;Wasiak;Robert;Krobia
PL-0200523;Kaźmierczak;Robert;Krobia
PL-0200524;Waluś;Robert;Krobia
PL-0200525;Straticzuk;Robert;Bojanowo
PL-0200526;Sierocka;Robert;Poznań
PL-0200527;Gansewska;Robert;Słubice
PL-0200528;Krupińska;Robert;Poznań
PL-0200529;Rąbalska;Robert;Poznań
PL-0200530;Stachowiak;Robert;Poznań
PL-0200531;Janiszewska;Robert;Warszawa
PL-0200532;Siwanowicz;Robert;Poznań
PL-0200533;Grzywacz;Robert;Bydgoszcz
PL-0200534;Klepacka;Robert;Chodzież
PL-0200535;Szamburska;Robert;Chodzież
PL-0200536;Milewski;Robert;Wąsosz
PL-0200537;Palczewski;Robert;Kutno
PL-0200538;Misztal;Robert;Gdańsk
PL-0200539;Rybacka;Robert;Bydgoszcz
PL-0200540;Knopczyk;Robert;Poznań
PL-0200541;Górniak;Robert;Polanów
PL-0200542;Zaciura;Robert;Siedlce
PL-0200543;Jarmoszyńska;Robert;Poznań
PL-0200544;Kwiatkowski;Robert;Wałbrzych
PL-0200545;Dukiel;Robert;Żmigród
PL-0200546;Muszalski;Robert;Poznań
PL-0200547;Bogucka;Robert;Poznań
PL-0200548;Postaremczak;Robert;Swarzędz
PL-0200549;Walęcka;Robert;Godziesze
PL-0200550;Janczewski;Robert;Wolsztyn
PL-0200551;Przyjazny;Robert;Opatówek
PL-0200552;Wiśniewski;Robert;Chełm
PL-0200553;Wiśniewski;Robert;Skarżysko Kamie
PL-0200554;Cyba;Robert;Ostrów Wlkp.
PL-0200555;Kępska;Robert;Ostrów Wlkp.
PL-0200556;Ćwiek;Robert;Ostrów Wlkp.
PL-0200557;Piaskowski;Robert;Ostrów Wlkp.
PL-0200558;Chmielecki;Robert;Ostrów Wlkp.
PL-0200559;Grzesiak;Robert;Ostrów Wlkp.
PL-0200560;Cyfert;Robert;Ostrów Wlkp.
PL-0200561;Rausz;Robert;Ostrów Wlkp.
PL-0200562;Modyra;Robert;Ostrów Wlkp.
PL-0200563;Hausmann;Robert;Ostrów Wlkp.
PL-0200564;Kolarski;Robert;Ostrów Wlkp.
PL-0200565;Michaś;Robert;Poznań
PL-0200566;Niedźwiecki;Robert;Chodzież
PL-0200567;Kostrzewa;Robert;Poznań
PL-0200568;Jankowski;Robert;Murowana Goślin
PL-0200569;Dewicki;Robert;Murowana Goślin
PL-0200570;Bisikiewicz;Robert;Strzelin
PL-0200571;Maciejewski;Robert;Strzelin
PL-0200572;Sieczka-Chrościcki;Robert;Strzelin
PL-0200573;Ławniczak;Robert;Skalmierzyce
PL-0200574;Misiek;Robert;Ostrów Wlkp.
PL-0200575;Kosmowski;Robert;Ostrów Wlkp.
PL-0200576;Kościelny;Robert;Radłów
PL-0200577;Andrzejak;Robert;Ostrów Wlkp.
PL-0200578;Sztukowska;Robert;Ostrów Wlkp.
PL-0200579;Kasprzak;Robert;Ostrów Wlkp.
PL-0200580;Łapeta;Robert;Racot
PL-0200581;Wurst;Robert;Racot
PL-0200582;Mikołajczak;Robert;Kościan
PL-0200583;Świerczyńska;Robert;Krzywiń
PL-0200584;Jankowiak;Robert;Kościan
PL-0200585;Samulska;Robert;Kościan
PL-0200586;Nowak;Robert;Racot
PL-0200587;Mandel;Robert;Racot
PL-0200588;Naskręt;Robert;Kościan
PL-0200589;Przewoźniak;Robert;Kościan
PL-0200590;Ziemnioak;Robert;Kościan
PL-0200591;Olesińska;Robert;Kościan
PL-0200592;Frąckowiak;Robert;Kościan
PL-0200593;Marszewska;Robert;Racot
PL-0200594;Koronowska;Robert;Racot
PL-0200595;Gano;Robert;Racot
PL-0200596;Linke;Robert;Kościan
PL-0200597;Hohensee;Robert;Kościan
PL-0200598;Olejnik;Robert;Nowy Lubosz
PL-0200599;Wojtysiak-Opas;Robert;Czempiń
PL-0200600;Lutomska;Robert;Racot
PL-0200601;Pałamarz;Robert;Poznań
PL-0200602;Starosta;Robert;Kościan
PL-0200603;Jurczyszyn;Robert;Poznań
PL-0200604;Paszkowski;Robert;Poznań
PL-0200605;Skibiński;Robert;Września
PL-0200606;Przybylska;Robert;Poznań
PL-0200607;Butrymowicz;Robert;Poznań
PL-0200608;Kałek;Robert;Poznań
PL-0200609;Kalota;Robert;Poznań
PL-0200610;Juś;Robert;Poznań
PL-0200611;Krzemińska;Robert;Piła
PL-0200612;Funk;Robert;Piła
PL-0200613;Broniarek;Robert;Piła
PL-0200614;Rak;Robert;Ujście
PL-0200615;Szyszko;Robert;Piła
PL-0200616;Rak;Robert;Ujście
PL-0200617;Domagalski;Robert;Piła
PL-0200618;Muszczek;Robert;Krajenka
PL-0200619;Witkowski;Robert;Krajenka
PL-0200620;Kołda;Robert;Złotów
PL-0200621;Dzik;Robert;Złotów
PL-0200622;Kaźmierski;Robert;Krajenka
PL-0200623;Miler;Robert;Złotów
PL-0200624;Stankiewicz;Robert;Złotów
PL-0200625;Jagodzińska;Robert;Złotów
PL-0200626;Dominiak;Robert;Człopa
PL-0200627;Zaręba;Robert;Krajenka
PL-0200628;Bugajski;Robert;Raszków
PL-0200629;Szuń;Robert;Międzyrzecz
PL-0200630;Kaczmarek;Robert;Czerwonak
PL-0200631;Wojciechowska;Robert;Młynkowo
PL-0200632;Chmiel;Robert;Śrem
PL-0200633;Darmosz;Robert;Turek
PL-0200634;Dudziak;Robert;Bojanowo
PL-0200635;Dudziak;Robert;Bojanowo
PL-0200636;Drzewiecka;Robert;Leszno
PL-0200637;Łukowiak;Robert;Bojanowo
PL-0200638;Cykman;Robert;Leszno
PL-0200639;Mucha;Robert;Gostyń
PL-0200640;Kozyra;Robert;Gostyń
PL-0200641;Henzel;Robert;Gostyń
PL-0200642;Guciński;Robert;Leszno
PL-0200643;Miękwicz;Robert;Leszno
PL-0200644;Banaszak;Robert;Leszno
PL-0200645;Dorofiejczyk;Robert;Piła
PL-0200646;Tomaszewski;Robert;Piła
PL-0200647;Konitzer;Robert;Złotów
PL-0200648;Puzdrowski;Robert;Lipka
PL-0200649;Brodowski;Robert;Piła
PL-0200650;Anioł;Robert;Poznań
PL-0200651;Barańczyk;Robert;Baranowo
PL-0200652;Śliwińska-Barańczuk;Robert;Baranowo
PL-0200653;Ferenc;Robert;Poznań
PL-0200654;Hyla;Robert;Ostrów Wlkp.
PL-0200655;Hyla;Rita;Ostrów Wlkp.
PL-0200656;Kutiumov;Renata Monika;Poznań
PL-0200657;Kutiumov;Renata Halina;Poznań
PL-0200658;Łoś;Renata Grażyna;Poznań
PL-0200659;Łukaszewska;Renata Beata;Poznań
PL-0200660;Nawrocik;Renata Anna;Poznań
PL-0200661;Nele;Renata Anna;Żagań
PL-0200662;Nowak;Renata;Poznań
PL-0200663;Nowakowski;Renata;Poznań
PL-0200664;Szych;Renata;Poznań
PL-0200665;Szymańska;Renata;Poznań
PL-0200666;Świetlicka;Renata;Świeradów Zdrój
PL-0200667;Tomczak;Renata;Poznań
PL-0200668;Zaleski;Renata;Poznań
PL-0200669;Żukiewicz;Renata;Poznań
PL-0200670;Bojanowska;Renata;Wągrowiec
PL-0200671;Popiołkiewicz;Renata;Murowana Goślina
PL-0200672;Klonowska;Renata;Poznań
PL-0200673;Barska;Renata;Połczyn Zdrój
PL-0200674;Błaszczyk;Renata;Szczecinek
PL-0200675;Briks;Renata;Poznań
PL-0200676;Czechowski;Renata;Poznań
PL-0200677;Grossek;Renata;Poznań
PL-0200678;Hirowski;Renata;Czempiń
PL-0200679;Kozierańska;Renata;Bydgoszcz
PL-0200680;Michalak;Renata;Poznań
PL-0200681;Owsianowska;Renata;Poznań
PL-0200682;Straszewska;Renata;Poznań
PL-0200683;Straszewski;Renata;Poznań
PL-0200684;Szczepańczyk;Renata;Nowy targ
PL-0200685;Wawrzyniak;Renata;Poznań
PL-0200686;Wittchen;Renata;Łowyń
PL-0200687;Morozowska;Renata;Poznań
PL-0200688;Bielecki;Renata;Wrocław
PL-0200689;Tyliński;Renata;Krosinko
PL-0200690;Gnarowska;Renata;Poznań
PL-0200691;Michałowska;Renata;Poznań
PL-0200700;Ciesielski;Renata;Poznań
PL-0200701;Ciesielski;Renata;Poznań
PL-0200702;Włoch;Renata;Poznań
PL-0200703;Roj;Renata;Poznań
PL-0200704;Pęciak;Renata;Poznań
PL-0200705;Karaśkiewicz;Renata;Poznań
PL-0200706;Długosz;Renata;Poznań
PL-0200707;Janeba;Renata;Tylewice
PL-0200708;Andrzejewska;Renata;Poznań
PL-0200709;Wachowiak;Renata;Poznań
PL-0200710;Biernat;Renata;Poznań
PL-0200711;Kajdasz;Renata;Środa Wlkp.
PL-0200712;Kajdan;Renata;Poznań
PL-0200713;Kieslich;Renata;Poznań
PL-0200714;Konstańczak;Renata;Poznań
PL-0200715;Langner;Renata;Poznań
PL-0200716;Melewski;Renata;Poznań
PL-0200717;Tomczyk;Renata;Poznań
PL-0200718;Wolna;Renata;Swarzędz
PL-0200719;Skrzydlewska;Renata;Poznań
PL-0200720;Lewandowska;Renata;Poznań
PL-0200721;Kucharska;Renata;Kutno
PL-0200722;Jahns;Renata;Poznań
PL-0200723;Guza-Włoch;Renata;Poznań
PL-0200724;Brusiło;Renata;Luboń
PL-0200725;Ciesielska;Renata;Poznań
PL-0200726;Kasprzyk;Renata;Poznań
PL-0200727;Markowicz;Renata;Poznań
PL-0200728;Stachowska;Renata;Poznań
PL-0200729;Woźnica;Renata;Poznań
PL-0200730;Adamczyk;Renata;Poznań
PL-0200731;Balcerek;Renata;Poznań
PL-0200732;Balbierz;Renata;Poznań
PL-0200733;Drzażdżyńska;Renata;Poznań
PL-0200734;Frąckowiak;Renata;Chyby
PL-0200735;Hauptmann;Renata;Poznań
PL-0200736;Skoniecka;Renata;Giżycko
PL-0200737;Skrzypczak;Renata;Poznań
PL-0200738;Świercz;Renata;Poznań
PL-0200739;Zaborowicz;Renata;Koszalin
PL-0200740;Ciesielski;Renata;Poznań
PL-0200741;Zarębska;Renata;Poznań
PL-0200742;Wyrwas;Renata;Poznań
PL-0200743;Troszczyńska;Renata;Poznań
PL-0200744;Urbańska;Renata;Biedrusko
PL-0200745;Kaliszan;Renata;Poznań
PL-0200746;Bączek;Renata;Poznań
PL-0200747;Arczyński;Renata;Szczecin
PL-0200748;Kisiała;Renata;Skoczów
PL-0200749;Brudnowski;Renata;Warszawa
PL-0200750;Malec;Renata;Poznań
PL-0200751;Kulesza;Renata;Długosiodło
PL-0200752;Nater;Renata;Poznań
PL-0200753;Wróbel;Renata;Goleniów
PL-0200754;Idczak;Renata;Poznań
PL-0200755;Zelich;Renata;Poznań
PL-0200756;Rychlicka;Renata;Lublin
PL-0200760;Gibasiewicz;Renata;Ostrów Wlkp.
PL-0200761;Grzesiek;Renata;Grabów n/Prosną
PL-0200762;Janas;Renata;Ostrów Wlkp.
PL-0200763;Libudzic;Renata;Ostrów Wlkp.
PL-0200764;Bis;Renata;Ostrów Wlkp.
PL-0200765;Nowak;Renata;Ostrów Wlkp.
PL-0200766;Psztyr;Renata;Ostrów Wlkp.
PL-0200767;Rataj;Renata;Ostrów Wlkp.
PL-0200768;Walczyński;Renata;Kalisz
PL-0200769;Frąckowiak;Renata;Leszno
PL-0200770;Skrzypczak;Renata;Leszno
PL-0200771;Pietrowiak;Renata;Ostrów Wlkp.
PL-0200772;Wojda;Renata;Ostrów Wlkp.
PL-0200773;Kiecka;Renata;Ostrów Wlkp.
PL-0200774;Dyba;Renata;Ostrów Wlkp.
PL-0200775;Dehmani;Renata;Nowe Kamienice
PL-0200776;Ogórek;Renata;Walentynów
PL-0200777;Nowicki;Renata;Ostrów Wlkp.
PL-0200778;Zając;Renata;Ostrów Wlkp.
PL-0200779;Rękosiewicz;Renata;Ostrów Wlkp.
PL-0200780;Herbeć;Renata;Ostrów Wlkp.
PL-0200781;Wodzicka;Renata;Ostrów Wlkp.
PL-0200782;Bluz;Renata;Ostrów Wlkp.
PL-0200783;Biernaczyk;Renata;Ostrów Wlkp.
PL-0200784;Ćwiklak;Renata;Ostrów Wlkp.
PL-0200785;Szewczyk;Renata;Ostrów Wlkp.
PL-0200786;Byzia;Renata;Ostrów Wlkp.
PL-0200787;Kołodziej;Renata;Ostrów Wlkp.
PL-0200788;Kapoła;Renata;Ostrów Wlkp.
PL-0200789;Świątek;Renata;Ostrów Wlkp.
PL-0200790;Musiał;Renata;Ostrów Wlkp.
PL-0200791;Ziobro;Renata;Ostrów Wlkp.
PL-0200792;Ibron;Renata;Ostrów Wlkp.
PL-0200793;Błaszczyk;Renata;Ostrów Wlkp.
PL-0200794;Grzelak;Renata;Ostrów Wlkp.
PL-0200795;Bis;Renata;Ostrów Wlkp.
PL-0200796;Michalak;Renata;Ostrów Wlkp.
PL-0200797;Taciak;Renata;Ostrów Wlkp.
PL-0200798;Kotwicka;Renata;Ostrów Wlkp.
PL-0200799;Bakalarek;Renata;Ostrów Wlkp.
PL-0200800;Matula;Renata;Ostrów Wlkp.
PL-0200801;Bryński;Renata;Ostrów Wlkp.
PL-0200802;Baranowski;Renata;Ostrów Wlkp.
PL-0200803;Szempińska;Renata;Ostrów Wlkp.
PL-0200804;Kalina;Renata;Ostrów Wlkp.
PL-0200805;Piasecka;Renata;Ostrów Wlkp.
PL-0200806;Moch;Renata;Ostrów Wlkp.
PL-0200807;Ćwiek;Renata;Ostrów Wlkp.
PL-0200808;Sekura;Renata;Ostrów Wlkp.
PL-0200809;Czerwińska;Remigiusz;Ostrów Wlkp.
PL-0200810;Twardowska;Remigiusz;Ostrów Wlkp.
PL-0200811;Barański;Remigiusz;Ostrów Wlkp.
PL-0200812;Zimny;Remigiusz;Ostrów Wlkp.
PL-0200813;Herbeć;Remigiusz;Ostrów Wlkp.
PL-0200814;Kwiatkowska;Remigiusz;Ostrów Wlkp.
PL-0200815;Bartłomiejczyk;Remigiusz;Poznań
PL-0200816;Sobolewska;Remigiusz;Poznań
PL-0200817;Bień;Remigiusz;Poznań
PL-0200818;Chorzępa;Remigiusz;Poznań
PL-0200819;Makowska;Remigiusz;Poznań
PL-0200820;Krzywiak;Remigiusz;Koziegłowy
PL-0200821;Michalski;Remigiusz;Poznań
PL-0200822;Brzozowski;Remigiusz;Poznań
PL-0200823;Korneluk;Regina Maria;Wschowa
PL-0200824;Komorowicz;Regina;Września
PL-0200825;Kozłowska;Regina;Kwidzyn
PL-0200826;Musiał;Regina;Poznań
PL-0200827;Ratajczak;Regina;Poznań
PL-0200828;Matlak;Regina;Poznań
PL-0200829;Jagodzińska;Regina;Turek
PL-0200830;Dolata;Ramona;Szamotuły
PL-0200831;Rybacki;Rami;Turek
PL-0200832;Popielski;Rafał Zygmunt;Kaźmierz
PL-0200833;Kulpińska;Rafał Waldemar;Ponań
PL-0200834;Krowicka;Rafał Stanisław;Poznań
PL-0200835;Klessa;Rafał Paweł;Poznań
PL-0200836;Wismer;Rafał Paweł;Nekla
PL-0200837;Kahla;Rafał Michał;Poznań
PL-0200838;Paliński;Rafał Marcin;Poznań
PL-0200839;Pieprz;Rafał Krzysztof;Poznań
PL-0200840;Jóźwiakowska;Rafał Józef;Damasławek
PL-0200841;Czarnecki;Rafał Adam;Poznań
PL-0200842;Stachowicz;Rafał Adam;Poznań
PL-0200843;Mrozińska;Rafał;Poznań
PL-0200844;Pyżalski;Rafał;Poznań
PL-0200845;Bomska;Rafał;Luboń
PL-0200846;Schulz;Rafał;Popówko
PL-0200847;Bronikowska;Rafał;Poznań
PL-0200865;Stankiewicz;Rafał;Ostrów Wlkp.
PL-0200866;Lewandowski;Rafał;Kotlin
PL-0200867;Kuliński;Rafał;Ostrów Wlkp.
PL-0200868;Świtała;Rafał;Wysocko Wlk.
PL-0200869;Szymczak;Rafał;Wtórek
PL-0200870;Radziszewska;Rafał;Ostrów Wlkp.
PL-0200871;Stodolny;Rafał;Ostrów Wlkp.
PL-0200872;Dawidowicz;Rafał;Ostrów Wlkp.
PL-0200873;Malchrzycki;Rafał;Ostrów Wlkp.
PL-0200874;Napierała;Rafał;Ostrów Wlkp.
PL-0200875;Szyszka;Rafał;Ostrów Wlkp.
PL-0200876;Mroczek;Rafał;Ostrów Wlkp.
PL-0200877;Tarchalski;Rafał;Ostrów Wlkp.
PL-0200878;Jastrowicz;Rafał;Ostrów Wlkp.
PL-0200879;Kościelski;Rafał;Ostrów Wlkp.
PL-0200880;Lechowicz;Rafał;Ostrów Wlkp.
PL-0200881;Jurkiewicz;Rafał;Ostrów Wlkp.
PL-0200882;Malicki;Rafał;Osiek Mały
PL-0200883;Stasiak;Rafał;Osiek Mały
PL-0200884;Burkietowicz;Rafał;Poznań
PL-0200885;Białkowska;Rafał;Nowy Tomyśl
PL-0200886;Przewoźna;Rafał;Opalenica
PL-0200887;Stachecka;Rafał;Nowy Tomyśl
PL-0200888;Pawelska;Rafał;Boruja Kościelna
PL-0200889;Kaszkowiak;Rafał;Nowy Tomyśl
PL-0200890;Kaczmarek;Rafał;Nowy Tomyśl
PL-0200891;Barłóg;Rafał;Nowy Tomyśl
PL-0200892;Olsztyński;Rafał;Nowy Tomyśl
PL-0200893;Doliwa;Rafał;Nowy Tomyśl
PL-0200894;Błażejczyk;Rafał;Nowy Tomyśl
PL-0200895;Zimny;Rafał;Nowy Tomyśl
PL-0200896;Nowicki;Rafał;Nowy Tomyśl
PL-0200897;Zalewska;Rafał;Nowy Tomyśl
PL-0200898;Pazderska;Rafał;Nowy Tomyśl
PL-0200899;Kaczmarek;Rafał;Nowy Tomyśl
PL-0200900;Dudek;Rafał;Częstochowa
PL-0200920;Jankiewicz;Rafał;Miłosław
PL-0200921;Solarz;Rafał;Ostrów Wlkp.
PL-0200922;Raczak;Rafał;Ostrów Wlkp.
PL-0200923;Krawczyński;Rafał;Ostrów Wlkp.
PL-0200924;Nowicki;Rafał;Ostrów Wlkp.
PL-0200925;Tasarek;Rafał;Ostrów Wlkp.
PL-0200926;Szafałowicz;Rafał;Ostrów Wlkp.
PL-0200927;Kolarski;Rafał;Ostrów Wlkp.
PL-0200928;Żardecki;Rafał;Strzelce
PL-0200929;Ryngwelski;Rafał;Gorzów Wlkp.
PL-0200930;Sławiński;Rafał;Baczyna
PL-0200931;Tycz;Rafał;Gorzów Wlkp.
PL-0200932;Cybula;Rafał;Gorzów Wlkp.
PL-0200933;Sobkowiak;Rafał;Gorzów Wlkp.
PL-0200934;Śliwiński;Rafał;Konin
PL-0200935;Zieliński;Rafał;Ostrów Wlkp.
PL-0200936;Nowak;Rafał;Psary
PL-0200937;Szymczak;Rafał;Ostrów Wlkp.
PL-0200938;Ziemianin;Rafał;Gorzów Wlkp.
PL-0200939;Panocki;Rafał;Gorzów Wlkp.
PL-0200940;Fleischer;Rafał;Ostrów Wlkp.
PL-0200941;Wojda;Rafał;Ostrów Wlkp.
PL-0200942;Podhajski;Rafał;Ostrów Wlkp.
PL-0200943;Styk;Rafał;Krzyż Wlkp.
PL-0200944;Bołądź;Rafał;Krzyż Wlkp.
PL-0200945;Bołądź;Rafał;Krzyż Wlkp.
PL-0200946;Szekelyne;Rafał;Chełst
PL-0200947;Doga;Rafał;Środa Wlkp.
PL-0200948;Dutkowiak;Rafał;Poznań
PL-0200949;Kubicka;Rafał;Poznań
PL-0200950;Przyhorska;Rafał;Poznań
PL-0200951;Waliszewska;Rafał;Kołobrzeg
PL-0200952;Kuratczyk;Rafał;Śrem
PL-0200953;Szpakowski;Rafał;Poznań
PL-0200954;Fertsch;Rafał;Oborniki Wlkp.
PL-0200955;Jesiołowska;Rafał;Kołobrzeg
PL-0200956;Juraszek;Rafał;Słubice
PL-0200957;Pokrywka;Rafał;Poznań
PL-0200958;Zdulska;Rafał;Poznań
PL-0200959;Nieczaj;Rafał;Wałcz
PL-0200960;Grabowicz;Rafał;Piła
PL-0200961;Jeziorowski;Rafał;Piła
PL-0200962;Wałkowska;Rafał;Chodzież
PL-0200963;Brzeziński;Rafał;Gołańcz
PL-0200964;Ornawka;Rafał;Szamocin
PL-0200965;Wyrwa;Rafał;Chodzież
PL-0200966;Marynowski;Rafał;Gołańcz
PL-0200967;Tamborski;Rafał;Chodzież
PL-0200968;Sosnowska;Rafał;Murowana Goślina
PL-0200969;Szczepańska;Rafał;Murowana Goślina
PL-0200970;Kasztelan;Rafał;Murowana Goślina
PL-0200971;Pilarczyk;Rafał;Murowana Goślina
PL-0200972;Góralczyk;Rafał;Sochaczew
PL-0200973;Szafer;Rafał;Poznań
PL-0200974;Dąbek;Rafał;Poznań
PL-0200975;Frańczak;Rafał;Gorzów Wlkp.
PL-0200976;Niemyt;Rafał;Gorzów Wlkp.
PL-0200977;Lacroix;Rafał;Gorzów Wlkp.
PL-0200978;Pawłowski;Rafał;Ostrów Wlkp.
PL-0200979;Krakowski;Rafał;Ostrów Wlkp.
PL-0200980;Feiga;Rafał;Kobyla Góra
PL-0200981;Wojtasik;Rafał;Ostrzeszów
PL-0200982;Szczygieł;Rafał;Ostrzeszów
PL-0200983;Rubik;Rafał;Ostrzeszów
PL-0200984;Chwalisz;Rafał;Ostrzeszów
PL-0200985;Koszarny;Rafał;Ostrzeszów
PL-0200986;Jakubczyk;Rafał;Ostrzeszów
PL-0200987;Wieczorek;Rafał;Ostrzeszów
PL-0200988;Wierzbiński;Rafał;Międzybórz
PL-0200989;Dulęba;Rafał;Grabów
PL-0200990;Wierzbińska;Rafał;Międzybórz
PL-0200991;Raczyński;Rafał;Ostrzeszów
PL-0200992;Kędzia;Rafał;Ostrzeszów
PL-0200993;Ślak;Rafał;Kobyla Góra
PL-0200994;Kaczmarek;Rafał;Poznań
PL-0200995;Wójcik;Rafał;Koziegłowy
PL-0200996;Szatkowska;Rafał;Poznań
PL-0200997;Priebe;Rafał;Berlin
PL-0200998;Grudzińska;Rafał;Poznań
PL-0200999;Kicka;Rafał;Międzychód
PL-0201000;Ficner;Rafał;Wieleń
PL-0201001;Guździoł;Rafał;Ostrów Wlkp.
PL-0201002;Bilan;Rafał;Ostrów Wlkp.
PL-0201003;Siciński;Rafał;Ostrów Wlkp.
PL-0201004;Polańska;Rafał;Ostrów Wlkp.
PL-0201005;Jędrzejewska;Rafał;Ostrów Wlkp.
PL-0201006;Sieradzki;Rafał;Ostrów Wlkp.
PL-0201007;Kędzierski;Rafał;Ostrów Wlkp.
PL-0201008;Wall;Rafał;Łosośnica
PL-0201009;Krzeminiewska;Rafał;Suchy Las
PL-0201010;Zalisz;Rafał;Poznań
PL-0201011;Ida;Rafał;Piła
PL-0201012;Pytlik;Rafał;Ostrów Wlkp.
PL-0201013;Wnuk;Rafał;Ostrów Wlkp.
PL-0201014;Skiera;Rafał;Ostrów Wlkp.
PL-0201015;Waliszewska;Rafał;Ostrów Wlkp.
PL-0201016;Błaszczyk;Rafał;Ostrów Wlkp.
PL-0201017;Podhajski;Rafał;Ostrów Wlkp.
PL-0201018;Andrzejczak;Rafał;Poznań
PL-0201019;Rudniak;Rafał;Poznań
PL-0201020;Gębala;Rafał;Poznań
PL-0201021;Górnikiewicz;Rafał;Słupsk
PL-0201022;Słocińska;Rafał;Oborniki
PL-0201023;Aleksandrowicz;Rafał;Poznań
PL-0201024;Padurek;Rafał;Krzywiń
PL-0201025;Hohensee;Rafał;Kościan
PL-0201026;Marszewski;Rafał;Racot
PL-0201027;Opas;Rafał;Czempiń
PL-0201028;Koronowski;Rafał;Racot
PL-0201029;Kaczmarek;Rafał;Racot
PL-0201030;Kaczmarczyk;Rafał;Poznań
PL-0201031;Rupińska;Rafał;Brodnica
PL-0201032;Głośniak;Rafał;Gorzów Wlkp.
PL-0201033;Andrzejewska;Rafał;Bledzew
PL-0201034;Grochowska;Rafał;Piła
PL-0201035;Radtke;Rafał;Piła
PL-0201036;Barańczyk;Rafał;Wysoka
PL-0201037;Nesterchuk;Rafał;Piła
PL-0201038;Kiąca;Rafał;Krzycko Małe
PL-0201039;Ratajczak;Rafał;Krzycko Małe
PL-0201040;Czerniak;Rafał;Krzycko Małe
PL-0201041;Roubo;Rafał;Krzycko Małe
PL-0201042;Bartkowiak;Rafał;Krzycko Małe
PL-0201043;Powałowski;Rafał;Krzycko Małe
PL-0201044;Turkowiak;Rafał;Krzycko Małe
PL-0201045;Nowak;Rafał;Krzycko Małe
PL-0201046;Maćkowiak;Rafał;Krzycko Małe
PL-0201047;Gąd;Rafał;Krzycko Małe
PL-0201048;Michalski;Rafał;Krzycko Małe
PL-0201049;Wawrzyniak;Rafał;Krzycko Małe
PL-0201050;Tyrała;Rafał;Krzycko Małe
PL-0201051;Adamska;Rafał;Kościan
PL-0201052;Gasztecki;Rafał;Kościan
PL-0201053;Maćkowski;Rafał;Kościan
PL-0201054;Dominiak;Rafał;Kościan
PL-0201055;Jagodziński;Rafał;Kościan
PL-0201056;Piechocka;Rafał;Czempiń
PL-0201057;Wysocka;Rafał;Kościan
PL-0201058;Lajszner;Rafał;Kościan
PL-0201059;Brodala;Rafał;Ostrów Wlkp.
PL-0201060;Mazur;Rafał;Gniezno
PL-0201061;Meinert;Rafał;Oborniki Wlkp.
PL-0201062;Ziemba;Rafał;Poznań
PL-0201063;Klorek;Rafał;Racot
PL-0201064;Dorynek;Rafał;Kościan
PL-0201065;Urbanowicz;Rafał;Kościan
PL-0201066;Urbanowicz;Rafał;Kościan
PL-0201067;Kalemba;Rafał;Kościan
PL-0201068;Andrzejewska;Rafał;Kościan
PL-0201069;Kaliszewska;Rafał;Kościan
PL-0201070;Jazy;Rafał;Kościan
PL-0201071;Hertmanowska;Rafał;Kościan
PL-0201072;Jąder;Rafał;Kościan
PL-0201073;Pawlak;Rafał;Kościan
PL-0201074;Iwaszkiewicz;Rafał;Poznań
PL-0201075;Krzemiński;Rafał;Wyrzysk
PL-0201076;Bodzyński;Rafał;Mąkoszyce
PL-0201077;Werwińska;Rafał;Bojanowo
PL-0201078;Smakulski;Rafał;Bojanowo
PL-0201079;Kończak;Rafał;Bojanowo
PL-0201080;Gliniany;Rafał;Bojanowo
PL-0201081;Jagodziński;Rafał;Leszno
PL-0201082;Sumowski;Rafał;Poznań
PL-0201083;Mierkiewicz;Rafał;Poznań
PL-0201084;Frąckowiak;Rafał;Poznań
PL-0201085;Antkowiak;Rafał;Krobia
PL-0201086;Plucińska;Rafał;Świnoujście
PL-0201087;Dobosz;Rafał;Ostrów Wlkp.
PL-0201088;Wachowiak;Rafał;Ostrów Wlkp.
PL-0201089;Lizakowski;Rafał;Ostrów Wlkp.
PL-0201090;Portasiak;Rafał;Ostrów Wlkp.
PL-0201091;Grzęda;Rafał;Ostrów Wlkp.
PL-0201092;Sikorska;Rafał;Ostrów Wlkp.
PL-0201093;Zając;Rafał;Ostrów Wlkp.
PL-0201094;Kamiński;Rafał;Ostrów Wlkp.
PL-0201095;Maciejewski;Rafał;Ostrów Wlkp.
PL-0201096;Cicharska;Rafał;Ostrów Wlkp.
PL-0201097;Staniewska;Rafał;Ostrów Wlkp.
PL-0201098;Szymczak;Rafaello;Ostrów Wlkp.
PL-0201099;Konasiewicz;Radosław Łukasz;Ostrów Wlkp.
PL-0201100;Olszański;Radosław;Ostrów Wlkp.
PL-0201141;Domagała;Radosław;Ostrów Wlkp.
PL-0201142;Idziaszek;Radosław;Ostrów Wlkp.
PL-0201143;Urbaniak;Radosław;Ostrów Wlkp.
PL-0201144;Piotrowski;Radosław;Ostrów Wlkp.
PL-0201145;Zyśk;Radosław;Wtórek
PL-0201146;Stasik;Radosław;Ostrów Wlkp.
PL-0201147;Wawrzyniak;Radosław;Ostrów Wlkp.
PL-0201148;Krakowska;Radosław;Ostrów Wlkp.
PL-0201149;Ora;Radosław;Ostrów Wlkp.
PL-0201150;Szukalski;Radosław;Ostrów Wlkp.
PL-0201151;Pozorski;Radosław;Ostrów Wlkp.
PL-0201152;Zagórska;Radosław;Ostrów Wlkp.
PL-0201153;Rutkowska;Radosław;Piła
PL-0201154;Kazana;Radosław;Ujście
PL-0201155;Drescher;Radosław;Kostrzyn Wlkp.
PL-0201156;Nowakowska;Radosław;Włocławek
PL-0201157;Kartuszyński;Radosław;Krajenka
PL-0201158;Jiers;Radosław;Krajenka
PL-0201159;Rolbiecki;Radosław;Miasteczko Krajeńskie
PL-0201160;Mania;Radosław;Piła
PL-0201161;Rudnicki;Radosław;Debrzno
PL-0201162;Stadnik;Radosław;Piła
PL-0201163;Stanisz-Pudliszewska;Radosław;Luboń
PL-0201164;Madej;Radosław;Wysoka
PL-0201165;Bator;Radosław;Krajenka
PL-0201166;Kasperkowicz;Radosław;Piła
PL-0201167;Lis;Radosław;Piła
PL-0201168;Dobosz;Radosław;Piła
PL-0201169;Jursza;Radosław;Piła
PL-0201170;Jursza;Radosław;Piła
PL-0201171;Fronda;Radosław;Piła
PL-0201172;Bachmatiuk;Radosław;Piła
PL-0201173;Kruświcki;Radosław;Wyszyny
PL-0201174;Czeszewski;Radosław;Piła
PL-0201175;Waśkowiak;Radosław;Wysoka
PL-0201176;Goliński;Radosław;Białośliwie
PL-0201177;Mrotek;Radosław;Piła
PL-0201178;Soja;Radosław;Piła
PL-0201179;Pelichowski;Radosław;Piła
PL-0201180;Karpiński;Radosław;Piła
PL-0201181;Madras;Radosław;Gołaszyn
PL-0201182;Łupicki;Radosław;Kościan
PL-0201183;Niedziela;Radosław;Ostrów Wlkp.
PL-0201184;Ratajczak;Radosław;Ostrów Wlkp.
PL-0201185;Witek;Radosław;Ostrów Wlkp.
PL-0201186;Kubiak;Radosław;Ostrów Wlkp.
PL-0201187;Owczarek;Radosław;Ostrów Wlkp.
PL-0201188;Zimorski;Radosław;Ostrów Wlkp.
PL-0201189;Głodek;Radosław;Ostrów Wlkp.
PL-0201190;Sikora;Radosław;Dębnica
PL-0201191;Bartczak;Radosław;Ostrów Wlkp.
PL-0201192;Maciejewski;Radosław;Ostrów Wlkp.
PL-0201193;Galewski;Radosław;Ostrów Wlkp.
PL-0201194;Furmanek;Radosław;Ostrów Wlkp.
PL-0201195;Nowak;Radosław;Sulmierzyce
PL-0201196;Matyba;Radosław;Sulmierzyce
PL-0201197;Wojczyński;Radosław;Ostrów Wlkp.
PL-0201198;Olejniczak;Radosław;Ostrów Wlkp.
PL-0201199;Olejniczak;Radosław;Ostrów Wlkp.
PL-0201200;Podskarski;Radosław;Ostrów Wlkp.
PL-0201201;Stodolny;Radosław;Ostrów Wlkp.
PL-0201202;Jurga;Radosław;Poznań
PL-0201203;Kolanowska;Radosław;Poznań
PL-0201204;Ługowska;Radosław;Tuchorza
PL-0201205;Zielińska;Radosław;Poznań
PL-0201206;Florkowska;Radosław;Murowana Goślina
PL-0201207;Dyba;Radosław;Poznań
PL-0201208;Ryżak;Radosław;Poznań
PL-0201209;Paluszkiewicz;Radosław;Bytom
PL-0201210;Herman;Radosław;Ostrów Wlkp.
PL-0201211;Cetera;Radosław;Ostrów Wlkp.
PL-0201212;Bojarczuk;Radosław;Sośnie
PL-0201213;Pałka;Radosław;Ostrów Wlkp.
PL-0201214;Rybski;Radosław;Ostrów Wlkp.
PL-0201215;Klimek;Radosław;Ostrów Wlkp.
PL-0201216;Skupińska;Radosław;Ostrów Wlkp.
PL-0201217;Pawlak;Radosław;Gorzyce Wlk.
PL-0201218;Mazur;Radosław;Kobierno
PL-0201219;Michalska;Radosław;Ostrów Wlkp.
PL-0201220;Kolenda;Radosław;Ostrów Wlkp.
PL-0201221;Dymała;Radosław;Ostrów Wlkp.
PL-0201222;Skąpski;Radosław;Ostrów Wlkp.
PL-0201223;Kwieciński;Radosław;Ostrów Wlkp.
PL-0201224;Rosolka;Radosław;Ostrów Wlkp.
PL-0201225;Adamek;Radosław;Ostrów Wlkp.
PL-0201226;Owsiak;Radosław;Ostrów Wlkp.
PL-0201227;Kalina;Radosław;Dębnica
PL-0201228;Puzia;Radosław;Ostrów Wlkp.
PL-0201229;Marczyk;Radosław;Ostrów Wlkp.
PL-0201230;Sobolewski;Radosław;Ostrów Wlkp.
PL-0201231;Musieł;Radosław;Ostrów Wlkp.
PL-0201232;Mikołajczyk;Radosław;Ostrów Wlkp.
PL-0201233;Misiak;Radosław;Ostrów Wlkp.
PL-0201234;Raźniak;Radosław;Ostrów Wlkp.
PL-0201235;Grześkowiak;Quang Tung;Ostrów Wlkp.
PL-0201236;Brodala;Pytlowski;Ostrów Wlkp.
PL-0201237;Stec;Przemysław Jan;Ostrów Wlkp.
PL-0201238;Kartuszyński;Przemysław Jan;Krajenka
PL-0201239;Jiers;Przemysław;Krajenka
PL-0201240;Napierała;Przemysław;Trzcianka
PL-0201241;Janicka;Przemysław;Poznań
PL-0201242;Nuszkiewicz;Przemysław;Poznań
PL-0201243;Karlic;Przemysław;Poznań
PL-0201244;Dziekan;Przemysław;Krzyż Wlkp.
PL-0201245;Czyżewska;Przemysław;Krzyż Wlkp.
PL-0201246;Wicher;Przemysław;Krzyż Wlkp.
PL-0201247;Borucka-Andrzejewska;Przemysław;Krzyż Wlkp.
PL-0201248;Cavello-Cyganik;Przemysław;Krzyż Wlkp.
PL-0201249;Jaworska;Przemysław;Krzyż Wlkp.
PL-0201250;Bućkowska;Przemysław;Krzyż Wlkp.
PL-0201251;Kowal;Przemysław;Drezdenko
PL-0201252;Graś;Przemysław;Brzegi
PL-0201253;Nawojczyk;Przemysław;Krzyż Wlkp.
PL-0201254;Miller;Przemysław;Krzyż Wlkp.
PL-0201255;Wiśniewski;Przemysław;Września
PL-0201256;Wiśniewska;Przemysław;Krzyż Wlkp.
PL-0201257;Komara;Przemysław;Drezdenko
PL-0201258;Kołodziej;Przemysław;Krzyż Wlkp.
PL-0201259;Jacuńska;Przemysław;Krzyż Wlkp.
PL-0201260;Smiatek;Przemysław;Krzyż Wlkp.
PL-0201261;Lorenc;Przemysław;Krzyż Wlkp.
PL-0201262;Kubiak;Przemysław;Poznań
PL-0201263;Przygodzińska;Przemysław;Skórzewo
PL-0201264;Maćkowiak;Przemysław;Poznań
PL-0201265;Szmytka;Przemysław;Poznań
PL-0201266;Scull;Przemysław;Poznań
PL-0201267;Bielak;Przemysław;Sieraków
PL-0201268;Izydorek;Przemysław;Wągrowiec
PL-0201269;Szymczak;Przemysław;Poznań
PL-0201270;Duda;Przemysław;Poznań
PL-0201271;Nowak;Przemysław;Poznań
PL-0201272;Ostrowska;Przemysław;Poznań
PL-0201273;Wypych;Przemysław;Poznań
PL-0201274;Rusiecka;Przemysław;Koziegłowy
PL-0201275;Ratajczak;Przemysław;Murowana Goślina
PL-0201276;Mikołajczak;Przemysław;Poznań
PL-0201277;Ignerski;Przemysław;Elbląg
PL-0201278;Kiernikiewicz;Przemysław;Oborniki
PL-0201279;Jądrzyk;Przemysław;Mosina
PL-0201280;Banasiewicz;Przemysław;Koziegłowy
PL-0201281;Włodarczyk;Przemysław;Grodzisk Wlkp.
PL-0201282;Płowens;Przemysław;Września
PL-0201283;Zegan;Przemysław;Poznań
PL-0201284;Szukała;Przemysław;Ostroróg
PL-0201285;Chojnacki;Przemysław;Poznań
PL-0201286;Skrzypczak;Przemysław;Poznań
PL-0201287;Brudnicki;Przemysław;Poznań
PL-0201288;Nowak;Przemysław;Suchy Las
PL-0201289;Celczyńska-Piętka;Przemysław;Poznań
PL-0201290;Socha;Przemysław;Poznań
PL-0201291;Zielińska-Sierpowska;Przemysław;Poznań
PL-0201292;Rubczak;Przemysław;Poznań
PL-0201293;Golak;Przemysław;Poznań
PL-0201294;Marciniak;Przemysław;Poznań
PL-0201295;Wilczyński;Przemysław;Bojanowo
PL-0201296;Kołodziej;Przemysław;Przygodzice
PL-0201297;Kunc;Przemysław;Ostrzeszów
PL-0201298;Kusińska;Przemysław;Ostrzeszów
PL-0201299;Grzyb;Przemysław;Ostrzeszów
PL-0201300;Nowacki;Przemysław;Ostrów Wlkp.
PL-0201301;Baszyński;Przemysław;Ostrów Wlkp.
PL-0201302;Bodylski;Przemysław;Ostrów Wlkp.
PL-0201303;Matuszczak;Przemysław;Ostrów Wlkp.
PL-0201304;Malinowska;Przemysław;Ostrów Wlkp.
PL-0201305;Frąszczak;Przemysław;Ostrów Wlkp.
PL-0201306;Mazurczak;Przemysław;Ostrów Wlkp.
PL-0201307;Hofman;Przemysław;Ostrów Wlkp.
PL-0201308;Dutczak;Przemysław;Biadki
PL-0201309;Kowalska;Przemysław;Ostrów Wlkp.
PL-0201310;Sztukowska;Przemysław;Ostrów Wlkp.
PL-0201311;Pawlak;Przemysław;Ostrów Wlkp.
PL-0201312;Hajtałowicz;Przemysław;Ostrów Wlkp.
PL-0201313;Stachowiak;Przemysław;Ostrów Wlkp.
PL-0201314;Jarłoński;Przemysław;Ostrów Wlkp.
PL-0201315;Sobczyńska;Przemysław;Poznań
PL-0201316;Mańkowski;Przemysław;Poznań
PL-0201317;Heidrych;Przemysław;Poznań
PL-0201318;Nowak;Przemysław;Poznań
PL-0201319;Głochowiak;Przemysław;Śrem
PL-0201320;Roszak;Przemysław;Wronki
PL-0201321;Świerczyńska;Przemysław;Środa Wlkp.
PL-0201322;Kowalik;Przemysław;Poznań
PL-0201323;Lewandowska;Przemysław;Przygodzice
PL-0201324;Kielar;Przemysław;Sośnie
PL-0201325;Stanek;Przemysław;Ostrów Wlkp.
PL-0201326;Skotnicka;Przemysław;Przygodzice
PL-0201327;Kończewski;Przemysław;Przygodzice
PL-0201328;Karpisiewicz;Przemysław;Przygodzice
PL-0201329;Wolniak;Przemysław;Wtórek
PL-0201330;Kazek;Przemysław;Ostrów Wlkp.
PL-0201331;Sztukowska;Przemysław;Sośnie
PL-0201332;Dudziak;Przemysław;Ostrów Wlkp.
PL-0201333;Stendera;Przemysław;Ostrów Wlkp.
PL-0201334;Kubiak;Przemysław;Ostrów Wlkp.
PL-0201335;Niełacny;Przemysław;Ostrów Wlkp.
PL-0201336;Bąkowski;Przemysław;Ostrów Wlkp.
PL-0201337;Dylak;Przemysław;Gorzyce Wlk.
PL-0201338;Szlachta;Przemysław;Ostrów Wlkp.
PL-0201339;Bąk;Przemysław;Ostrów Wlkp.
PL-0201340;Toś;Przemysław;Wysokie Wielkie
PL-0201341;Tanaś;Przemysław;Ostrów Wlkp.
PL-0201342;Kucharski;Przemysław;Ostów Wlkp.
PL-0201343;Słowiński;Przemysław;Poznań
PL-0201344;Woźniak;Przemysław;Poznań
PL-0201345;Klonowska;Przemysław;Poznań
PL-0201346;Najderek;Przemysław;Poznań
PL-0201347;Włochal;Przemysław;Śmigiel
PL-0201348;Grondys;Przemysław;Chodzież
PL-0201349;Hajduk;Przemysław;Chodzież
PL-0201350;Harych;Przemysław;Ostrów Wlkp.
PL-0201351;Kałużna;Przemysław;Sobótka
PL-0201352;Kądziela;Przemysław;Odolanów
PL-0201353;Werbicka;Przemysław;Sokolniki
PL-0201354;Dudek;Przemysław;Sokolniki
PL-0201355;Szymańska;Przemysław;Ostrów Wlkp.
PL-0201356;Frydryszak;Przemysław;Ostrów Wlkp.
PL-0201357;Łuczak;Przemysław;Lewrów
PL-0201358;Jaworski;Przemysław;Ostrów Wlkp.
PL-0201359;Szczypkowska;Przemysław;Ostrów Wlkp.
PL-0201360;Krawczyk;Przemysław;Ostrów Wlkp.
PL-0201361;Wojcieszak;Przemysław;Przygodzice
PL-0201362;Hajnus;Przemysław;Ostów Wlkp.
PL-0201363;Kurzawa;Przemysław;Ostów Wlkp.
PL-0201364;Gil;Przemysław;Chodzież
PL-0201365;Kotowicz;Przemysław;Chodzież
PL-0201366;Łukaszewski;Przemysław;Chodzież
PL-0201367;Baumgart;Przemysław;Chodzież
PL-0201368;Olsza;Przemysław;Chodzież
PL-0201369;Piwiński;Przemysław;Chodzież
PL-0201370;Szostak;Przemysław;Chodzież
PL-0201371;Strzałkowski;Przemysław;Chodzież
PL-0201372;Czywczyński;Przemysław;Chodzież
PL-0201373;Prus;Przemysław;Chodzież
PL-0201374;Karwowska;Przemysław;Chodzież
PL-0201375;Barzykowski;Przemysław;Chodzież
PL-0201376;Kończak;Przemysław;Chodzież
PL-0201377;Rzepka;Przemysław;Bucz
PL-0201378;Szymański;Przemysław;Poznań
PL-0201379;Bętkowska;Przemysław;Poznań
PL-0201380;Borkowski;Przemysław;Kożuchów
PL-0201381;Domagała;Przemysław;Poznań
PL-0201382;Hoppe;Przemysław;Bydgoszcz
PL-0201383;Bogdali;Przemysław;Pleszew
PL-0201384;Czekalski;Przemysław;Pleszew
PL-0201385;Fabisiak;Przemysław;Gołuchów
PL-0201386;Gogołkiewicz;Przemysław;Pleszew
PL-0201387;Grześkiewicz;Przemysław;Gołuchów
PL-0201388;Jakubowski;Przemysław;Pleszew
PL-0201389;Kaczor;Przemysław;Suchorzew
PL-0201390;Kaganek;Przemysław;Dobrzyca
PL-0201391;Koriakine;Przemysław;Chocz
PL-0201392;Kowalski;Przemysław;Pleszew
PL-0201393;Kośka;Przemysław;Pleszew
PL-0201394;Krysicki;Przemysław;Pleszew
PL-0201395;Małyszko;Przemysław;Pleszew
PL-0201396;Ordziniak;Przemysław;Gołuchów
PL-0201397;Sołtysiak;Przemysław;Gizałki
PL-0201398;Szefer;Przemysław;Fabianów
PL-0201399;Szpunt;Przemysław;Pleszew
PL-0201400;Wasiewicz;Przemysław;Pleszew
PL-0201401;Woźniak;Przemysław;Jedlec
PL-0201402;Wróblewski;Przemysław;Pleszew
PL-0201403;Zieliński;Przemysław;Kowalew
PL-0201404;Nowak;Przemysław;Pleszew
PL-0201405;Malińska;Przemysław;Nowy Lubosz
PL-0201406;Lutomski;Przemysław;Racot
PL-0201407;Szostak;Przemysław;Ostrów Wlkp.
PL-0201408;Marciniak;Przemysław;Ostrów Wlkp.
PL-0201409;Ponitka;Przemysław;Ostrów Wlkp.
PL-0201410;Gulińska;Przemysław;Ostrów Wlkp.
PL-0201411;Bartczak;Przemysław;Ostrów Wlkp.
PL-0201412;Więckowska;Przemysław;Ostrów Wlkp.
PL-0201413;Koliński;Przemysław;Ostrów Wlkp.
PL-0201414;Banach;Przemysław;Ostrów Wlkp.
PL-0201415;Szyszka;Przemysław;Ostrów Wlkp.
PL-0201416;Mikuliszyn;Przemysław;Ostrów Wlkp.
PL-0201417;Jokiel;Przemysław;Ostrów Wlkp.
PL-0201418;Walotka;Przemysław;Ostrów Wlkp.
PL-0201419;Paleniczka;Przemysław;Ostrów Wlkp.
PL-0201420;Pawlak;Przemysław;Ostrów Wlkp.
PL-0201421;Ilski;Przemysła;Ostrów Wlkp.
PL-0201422;Witoń;Przemyslaw;Ostrów Wlkp.
PL-0201423;Sobczak;Przemek;Ostrów Wlkp.
PL-0201424;Turska;Piotr Wiesław;Ostrów Wlkp.
PL-0201425;Bukowska;Piotr Roman;Ostrów Wlkp.
PL-0201426;Parusińska;Piotr Robert;Ostrów Wlkp.
PL-0201427;Rotman;Piotr Paweł;Ostrów Wlkp.
PL-0201428;Juszczak;Piotr Marek;Ostrów Wlkp.
PL-0201429;Kołodziej;Piotr Marcin;Ostrów Wlkp.
PL-0201430;Ławniczak;Piotr Łukasz;Ostrów Wlkp.
PL-0201471;Podwysocki;Piotr Józef;Góra
PL-0201472;Piskozub;Piotr Józef;Niechalów
PL-0201473;Krysiak;Piotr Jerzy;Góra
PL-0201474;Mastalerz;Piotr Daniel;Góra
PL-0201475;Rakoczy;Piotr Bolesław;Siciny
PL-0201476;Kołodziej;Piotr;Góra
PL-0201477;Turek;Piotr;Góra
PL-0201478;Mruczek;Piotr;Jemielno
PL-0201479;Bienert;Piotr;Góra
PL-0201480;Adamska;Piotr;Poznań
PL-0201481;Kostyra;Piotr;Zbąszyń
PL-0201482;Śliwa;Piotr;Zbąszyń
PL-0201483;Kosicki;Piotr;Miedzyrzecz
PL-0201484;Owsiak;Piotr;Templewo
PL-0201485;Kosicka;Piotr;Międzyrzecz
PL-0201486;Skrzypczak;Piotr;Międzyrzecz
PL-0201487;Łukasiewicz;Piotr;Międzyrzecz
PL-0201488;Owsiak;Piotr;Templewo
PL-0201489;Onyśków;Piotr;Trzciel
PL-0201490;Kozak;Piotr;Pszczew
PL-0201491;Dąbrowa;Piotr;Skwierzyna
PL-0201492;Kowalewska;Piotr;Skwierzyna
PL-0201493;Buszewska;Piotr;Miedzyrzecz
PL-0201494;Araszkiewicz;Piotr;Goraj
PL-0201495;Stępień;Piotr;Pszczew
PL-0201496;Szozda;Piotr;Międzyrzecz
PL-0201497;Ciołka;Piotr;Tarnowo Podgórskie
PL-0201498;Kasprzyk;Piotr;Lusówko
PL-0201499;Nowak;Piotr;Lusówko
PL-0201500;Witczak;Piotr;Rumianek
PL-0201501;Nawrot;Piotr;Sady
PL-0201502;Opałka;Piotr;Tarnowo Podgórskie
PL-0201503;Wilczyński;Piotr;Jankowice
PL-0201504;Podsiadłowski;Piotr;Leszno
PL-0201505;Prałat;Piotr;Leszno
PL-0201506;Podsiadłowska;Piotr;Leszno
PL-0201507;Szymanowska;Piotr;Leszno
PL-0201508;Nyczka;Piotr;Śmigiel
PL-0201509;Pawlik;Piotr;Leszno
PL-0201510;Kwiliński;Piotr;Leszno
PL-0201511;Porankiewicz;Piotr;Leszno
PL-0201512;Zajcher;Piotr;Stare Bojanowo
PL-0201513;Hartman;Piotr;Leszno
PL-0201514;Eitner;Piotr;Poznań
PL-0201515;Jędras;Piotr;Ostrów Wlkp.
PL-0201516;Reczek;Piotr;Ostrów Wlkp.
PL-0201517;Reczek;Piotr;Ostrów Wlkp.
PL-0201518;Banasiak;Piotr;Ostrów Wlkp.
PL-0201519;Hadryś;Piotr;Szreniawa
PL-0201520;Zieliński;Piotr;Pamiątkowo
PL-0201521;Nowak;Piotr;Poznań
PL-0201522;Szymaś;Piotr;Oborniki Wlkp.
PL-0201523;Adamska;Piotr;Baranowo
PL-0201524;Rzyszczak;Piotr;Poznań
PL-0201525;Jaskorzyński;Piotr;Szamotuły
PL-0201526;Ossowska;Piotr;Poznań
PL-0201527;Pawlak;Piotr;Poznań
PL-0201528;Bojar;Piotr;Środa Wlkp.
PL-0201529;Dziurdzia;Piotr;Poznań
PL-0201530;Laskowski;Piotr;Poznań
PL-0201531;Grzechowski;Piotr;Pamiątkowo
PL-0201532;Plewa-Dziurdzia;Piotr;Poznań
PL-0201533;Antczak;Piotr;Poznań
PL-0201534;Szymańska;Piotr;Środa Wlkp.
PL-0201535;Szczepaniak;Piotr;Poznań
PL-0201536;Zwiernik;Piotr;Środa Wlkp.
PL-0201537;Hermann;Piotr;Rukietnica
PL-0201538;Besz;Piotr;Przemyśl
PL-0201539;Kubiak;Piotr;Zagorów
PL-0201540;Stoińska;Piotr;Międzyrzecz
PL-0201541;Frankowska;Piotr;Potulice
PL-0201542;Owsianowska;Piotr;Poznań
PL-0201543;Róg;Piotr;Poznań
PL-0201544;Kafka;Piotr;Skwierzyna
PL-0201545;Wachowska;Piotr;Dąbrówka Wlkp.
PL-0201546;Pęczkowski;Piotr;Międzyrzecz
PL-0201547;Hassa;Piotr;Rokitno
PL-0201548;Piekarski;Piotr;Rokitno
PL-0201549;Kaźmierczak;Piotr;Międzyrzecz
PL-0201550;Siek;Piotr;Międzyrzecz
PL-0201551;Fileger;Piotr;Międzyrzecz
PL-0201552;Olewicka;Piotr;Kleszczewo
PL-0201553;Cygan;Piotr;Miedzyrzecz
PL-0201554;Nayda;Piotr;Miedzyrzecz
PL-0201555;Rospendowska;Piotr;Templewo
PL-0201556;Tomaszewska;Piotr;Międzyrzecz
PL-0201557;Tyliszczak;Piotr;Międzyrzecz
PL-0201558;Domalska;Piotr;Międzyrzecz
PL-0201559;Gaweł;Piotr;Biedrusko
PL-0201560;Szczeszek;Piotr;Poznań
PL-0201561;Spaleniak;Piotr;Poznań
PL-0201562;Kaletka;Piotr;Wielichowo
PL-0201563;Statucki;Piotr;Poznań
PL-0201564;Lemieszek;Piotr;Szczecinek
PL-0201565;Jarzyński;Piotr;Murowana Goślina
PL-0201566;Kolber;Piotr;Murowana Goślina
PL-0201567;Grzesiak;Piotr;Murowana Goślina
PL-0201568;Rosik;Piotr;Międzyrzecz
PL-0201569;Grzegory;Piotr;Strzelce Krajeńskie
PL-0201570;Grzesiak;Piotr;Strzelce Krajeńskie
PL-0201571;Chuchro;Piotr;Różanki
PL-0201572;Łokińska;Piotr;Różanki
PL-0201573;Polna;Piotr;Kłodawa
PL-0201574;Wieczorek;Piotr;Różanki
PL-0201575;Jackowski;Piotr;Gorzów Wlkp.
PL-0201576;Goral;Piotr;Górki Noteckie
PL-0201577;Lejkowska;Piotr;Różanki
PL-0201578;Piotrowski;Piotr;Myslibórz
PL-0201579;Jacykowski;Piotr;Sulęcin
PL-0201580;Bielicki;Piotr;Gorzów Wlkp.
PL-0201581;Slugocki;Piotr;Gorzów Wlkp.
PL-0201582;Koziura;Piotr;Różanki
PL-0201583;Skowroński;Piotr;Gorzów Wlkp.
PL-0201584;Banicki;Piotr;Kłodawa
PL-0201585;Kowalski;Piotr;Gorzów Wlkp.
PL-0201586;Koziura;Piotr;Kłodawa
PL-0201587;Potocki;Piotr;Różanki
PL-0201588;Jabłoński;Piotr;Gorzó Wlkp.
PL-0201589;Fórmaniak;Piotr;Kłodawa
PL-0201590;Polny;Piotr;Kłodawa
PL-0201591;Paszkowski;Piotr;Kłodawa
PL-0201592;Nowak;Piotr;Różanki
PL-0201593;Stefaniak;Piotr;Janikowo
PL-0201594;Paszczak;Piotr;Bogucin
PL-0201595;Bejma;Piotr;Murowana Goślina
PL-0201596;Józefiak;Piotr;Murowana Goślina
PL-0201597;Kaczor;Piotr;Murowana Goślina
PL-0201598;Ciemborowicz;Piotr;Murowana Goślina
PL-0201599;Miśkiewicz;Piotr;Czerwonak
PL-0201600;Jachimska;Piotr;Czerwonak
PL-0201601;Rzepecka;Piotr;Owińska
PL-0201602;Kładź;Piotr;Ptaszkowo
PL-0201603;Majewski;Piotr;Poznań
PL-0201604;Drzewiecka;Piotr;Poznań
PL-0201605;Krzemińska;Piotr;Kozieglowy
PL-0201606;Spodzieja;Piotr;Swarzędz
PL-0201607;Jarusz;Piotr;Poznań
PL-0201608;Ratajczak;Piotr;Poznań
PL-0201609;Kulaszewicz;Piotr;Bytów
PL-0201610;Kierdelewicz;Piotr;Hajnówka
PL-0201611;Krajcarz;Piotr;Szamotuły
PL-0201612;Buzała;Piotr;Radom
PL-0201613;Łukawska;Piotr;Łowicz
PL-0201614;Budnik;Piotr;Złotów
PL-0201615;Szychowski;Piotr;Deszczno
PL-0201616;Potrzebowski;Piotr;Gorzów Wlkp.
PL-0201617;Połojko;Piotr;Gorzów Wlkp.
PL-0201618;Sikorski;Piotr;Gorzów Wlkp.
PL-0201619;Kernchen;Piotr;Gorzów Wlkp.
PL-0201621;Lipowicz;Piotr;Lublin
PL-0201622;Kaczmarek;Piotr;Lublin
PL-0201623;Cholewczyńska;Piotr;Lublin
PL-0201624;Szerner;Piotr;Lublin
PL-0201627;Nowaczyk;Piotr;Lublin
PL-0201630;Borkowska;Piotr;Poznań
PL-0201639;Borowiak;Piotr;Lublin
PL-0201640;Rogozik;Piotr;Lublin
PL-0201679;Stolarski;Piotr;Lublin
PL-0201683;Jednorowicz;Piotr;Międzyrzecz
PL-0201684;Stryczek;Piotr;Międzyrzecz
PL-0201685;Zugaj;Piotr;Międzyrzecz
PL-0201686;Stempel;Piotr;Międzyrzecz
PL-0201687;Możdżeń;Piotr;Międzyrzecz
PL-0201688;Matejko;Piotr;Kaława
PL-0201689;Szajkowska;Piotr;Pszczew
PL-0201690;Mizera;Piotr;Międzyrzecz
PL-0201691;Czepirska;Piotr;Międzyrzecz
PL-0201692;Story;Piotr;Międzyrzecz
PL-0201693;Kuczyński;Piotr;Międzyrzecz
PL-0201694;Trapszo;Piotr;Międzyrzecz
PL-0201695;Lewandowski;Piotr;Międzyrzecz
PL-0201696;Darmosz;Piotr;Międzyrzecz
PL-0201697;Woźniak;Piotr;Międzyrzecz
PL-0201698;Szul;Piotr;Międzyrzecz
PL-0201699;Bandas;Piotr;Międzyrzecz
PL-0201700;Zielińska;Piotr;Międzyrzecz
